example_id,search_term,campaign_context,ad_group_context,matched_keyword,location_context,metrics_context,expected_intent,expected_operation,negative_text_if_any,match_type_if_any,scope_if_any,reason,rule_ids,source,evidence_status,notes
EX-001,body work shops near me,UNKNOWN live Built by Shah campaign,,,,,QUALIFIED,KEEP,,,,Core service phrase; near me is local demand,POL-BODYWORK-KEEP,Cursor conversation 0715bce9 2026-08-25 owner-labeled false adds; answers A and C,EXPLICIT_USER_LABEL,CURRENT CODE likely ADDED via LOCAL_COMPETITOR body works stem and/or cadillac body and/or NAMED_LOCAL_SHOP. Do not treat code result as correct.
EX-002,car body work repair,UNKNOWN live Built by Shah campaign,,,,,QUALIFIED,KEEP,,,,Car body work is legitimate body-shop search (owner A and C),POL-BODYWORK-KEEP,Cursor conversation 0715bce9 2026-08-25 owner-labeled false adds; answers A and C,EXPLICIT_USER_LABEL,CURRENT CODE likely ADDED via LOCAL_COMPETITOR body works stem and/or cadillac body and/or NAMED_LOCAL_SHOP. Do not treat code result as correct.
EX-003,body work shop,UNKNOWN live Built by Shah campaign,,,,,QUALIFIED,KEEP,,,,Body work shop is the business type,POL-BODYWORK-KEEP,Cursor conversation 0715bce9 2026-08-25 owner-labeled false adds; answers A and C,EXPLICIT_USER_LABEL,CURRENT CODE likely ADDED via LOCAL_COMPETITOR body works stem and/or cadillac body and/or NAMED_LOCAL_SHOP. Do not treat code result as correct.
EX-004,body work near me,UNKNOWN live Built by Shah campaign,,,,,QUALIFIED,KEEP,,,,Owner: body work is the actual service,POL-BODYWORK-KEEP,Cursor conversation 0715bce9 2026-08-25 owner-labeled false adds; answers A and C,EXPLICIT_USER_LABEL,CURRENT CODE likely ADDED via LOCAL_COMPETITOR body works stem and/or cadillac body and/or NAMED_LOCAL_SHOP. Do not treat code result as correct.
EX-005,automotive body work near me,UNKNOWN live Built by Shah campaign,,,,,QUALIFIED,KEEP,,,,Automotive body work + near me,POL-BODYWORK-KEEP,Cursor conversation 0715bce9 2026-08-25 owner-labeled false adds; answers A and C,EXPLICIT_USER_LABEL,CURRENT CODE likely ADDED via LOCAL_COMPETITOR body works stem and/or cadillac body and/or NAMED_LOCAL_SHOP. Do not treat code result as correct.
EX-006,body work for cars near me,UNKNOWN live Built by Shah campaign,,,,,QUALIFIED,KEEP,,,,Same concept,POL-BODYWORK-KEEP,Cursor conversation 0715bce9 2026-08-25 owner-labeled false adds; answers A and C,EXPLICIT_USER_LABEL,CURRENT CODE likely ADDED via LOCAL_COMPETITOR body works stem and/or cadillac body and/or NAMED_LOCAL_SHOP. Do not treat code result as correct.
EX-007,auto body works near me,UNKNOWN live Built by Shah campaign,,,,,QUALIFIED,KEEP,,,,Auto body works is the service; code seed body works stemmed onto this,POL-BODYWORK-KEEP,Cursor conversation 0715bce9 2026-08-25 owner-labeled false adds; answers A and C,EXPLICIT_USER_LABEL,CURRENT CODE likely ADDED via LOCAL_COMPETITOR body works stem and/or cadillac body and/or NAMED_LOCAL_SHOP. Do not treat code result as correct.
EX-008,auto body shop new rochelle,UNKNOWN live Built by Shah campaign,,,,,QUALIFIED,KEEP,,,,Owner: city + auto body shop is a local customer not a competitor; New Rochelle missing from city list,POL-NEAR-ME;NAMED_LOCAL_SHOP,Cursor conversation 0715bce9 2026-08-25 owner-labeled false adds; answers A and C,EXPLICIT_USER_LABEL,CURRENT CODE likely ADDED via LOCAL_COMPETITOR body works stem and/or cadillac body and/or NAMED_LOCAL_SHOP. Do not treat code result as correct.
EX-009,cadillac body shop near me,UNKNOWN live Built by Shah campaign,,,,,QUALIFIED,KEEP,,,,Owner: brand + body shop is real collision/body intent not a dealer search,POL-BODYWORK-KEEP;DEALER_OR_AUTO_GROUP,Cursor conversation 0715bce9 2026-08-25 owner-labeled false adds; answers A and C,EXPLICIT_USER_LABEL,CURRENT CODE likely ADDED via LOCAL_COMPETITOR body works stem and/or cadillac body and/or NAMED_LOCAL_SHOP. Do not treat code result as correct.
EX-010,car body works,UNKNOWN live Built by Shah campaign,,,,,QUALIFIED,KEEP,,,,Same as auto body works,POL-BODYWORK-KEEP,Cursor conversation 0715bce9 2026-08-25 owner-labeled false adds; answers A and C,EXPLICIT_USER_LABEL,CURRENT CODE likely ADDED via LOCAL_COMPETITOR body works stem and/or cadillac body and/or NAMED_LOCAL_SHOP. Do not treat code result as correct.
EX-011,bmw body work repairs,UNKNOWN live Built by Shah campaign,,,,,QUALIFIED,KEEP,,,,Owner: OEM + body work is keep,POL-BODYWORK-KEEP,Cursor conversation 0715bce9 2026-08-25 owner-labeled false adds; answers A and C,EXPLICIT_USER_LABEL,CURRENT CODE likely ADDED via LOCAL_COMPETITOR body works stem and/or cadillac body and/or NAMED_LOCAL_SHOP. Do not treat code result as correct.
EX-012,auto body works,UNKNOWN live Built by Shah campaign,,,,,QUALIFIED,KEEP,,,,Same family,POL-BODYWORK-KEEP,Cursor conversation 0715bce9 2026-08-25 owner-labeled false adds; answers A and C,EXPLICIT_USER_LABEL,CURRENT CODE likely ADDED via LOCAL_COMPETITOR body works stem and/or cadillac body and/or NAMED_LOCAL_SHOP. Do not treat code result as correct.
EX-013,dent repair,,,,,,UNCERTAIN,HUMAN_REVIEW,,,,Owner: minor dents generally not desired AND single-word dent must not auto-decide. Code DENT_MINOR would AUTO_NEGATIVE.,DENT_MINOR;POL-COLLISION-KEEP,This conversation confirmed context rule + DENT_MINOR code 349-357,UNRESOLVED,Minimal pair with EX-014. Conservative rebuild: HUMAN_REVIEW until owner locks cosmetic-only auto-apply.
EX-014,major collision with frame damage and dents,,,,,,QUALIFIED,KEEP,,,,Owner: serious collision must not be lost because of dents. Code keeps DENT_MINOR/FRAME because exception collision is present.,DENT_MINOR;FRAME_NON_COLLISION;POL-COLLISION-KEEP,This conversation; daily script exceptions 357 and 454-456,SYNTHESIZED_FROM_EXPLICIT_RULE,"If collision token were absent, code would still exclude via dent. That variant is UNRESOLVED."
EX-015,major accident with frame damage and dents,,,,,,QUALIFIED,KEEP,,,,Same business intent as EX-014; accident is also a DENT_MINOR exception so code likely KEEP those rules.,DENT_MINOR;FRAME_NON_COLLISION,Daily script exceptions include accident,SYNTHESIZED_FROM_EXPLICIT_RULE,Other rules (YEAR_TOKEN etc.) not present here.
EX-016,accident bumper repair,,,,,,QUALIFIED,KEEP,,,,Documented exception example for BUMPER_MINOR,BUMPER_MINOR,docs/Read this for the Search negatives sweeper - auto-add review and remove on the spoke.md line 116; HTML explained ~541,SYNTHESIZED_FROM_EXPLICIT_RULE,
EX-017,bumper scuff fix,,,,,,DISQUALIFIED,UNRESOLVED,bumper scuff fix,EXACT,campaign,HTML walkthrough presents as junk BUMPER_MINOR. This conversation says bumper-only generally not desired but bumper word alone must not auto-decide. Operation not re-locked.,BUMPER_MINOR,Standalone Negatives Sweeper explained.html ~407,UNRESOLVED,EXISTING_CODE would exclude. Not a user gold label.
EX-018,aaa auto repair,,,,,,DISQUALIFIED,AUTO_NEGATIVE_ALLOWED,aaa auto repair,EXACT,campaign,AAA mechanical junk must classify exclude,GENERIC_CAR_REPAIR,test-negative-sweeper-contract.js 113-116,EXISTING_TEST_EXPECTATION,Test encodes CURRENT CODE. Not automatically the conservative policy.
EX-019,aaa insurance auto repair,,,,,,PROTECTED,KEEP,,,,Genuine AAA insurance intent protected,SEED_INSURER aaa insurance,test 117-120,EXISTING_TEST_EXPECTATION,Test encodes CURRENT CODE. Not automatically the conservative policy.
EX-020,aaa collision auto repair,,,,,,PROTECTED,KEEP,,,,Genuine AAA collision intent protected,aaa collision,test 122-126,EXISTING_TEST_EXPECTATION,Test encodes CURRENT CODE. Not automatically the conservative policy.
EX-021,aaa collision center,,,,,,PROTECTED,KEEP,,,,accountProtection aaa collision,aaa collision,test 127-130,EXISTING_TEST_EXPECTATION,Test encodes CURRENT CODE. Not automatically the conservative policy.
EX-022,dallas auto body shop,,,,,,QUALIFIED,KEEP,,,,City-only body-shop intent must not become named competitor,NAMED_LOCAL_SHOP must not fire,test 132-136,EXISTING_TEST_EXPECTATION,Test encodes CURRENT CODE. Not automatically the conservative policy.
EX-023,collision repair dallas,,,,,,QUALIFIED,KEEP,,,,City-only collision intent keep,isGeoBodyShopIntent_,test 138-141,EXISTING_TEST_EXPECTATION,Test encodes CURRENT CODE. Not automatically the conservative policy.
EX-024,car,,,,,,QUALIFIED,KEEP,,,,LOW_INTENT_AUTO_GEO never on bare car,LOW_INTENT_AUTO_GEO,test 142-146,EXISTING_TEST_EXPECTATION,Test encodes CURRENT CODE. Not automatically the conservative policy.
EX-025,car near me,,,,,,QUALIFIED,KEEP,,,,LOW_INTENT_AUTO_GEO requires named place not near me,LOW_INTENT_AUTO_GEO,test 147-150,EXISTING_TEST_EXPECTATION,Test encodes CURRENT CODE. Not automatically the conservative policy.
EX-026,auto arena body shop,Account name Auto Arena Body Shop,,,,,PROTECTED,KEEP,,,,Own account name protected,LOCAL_COMPETITOR vs account name,test 100-105,EXISTING_TEST_EXPECTATION,Test passes accountName Auto Arena Body Shop into evaluateRules_.
EX-027,auto arena body shop,Unrelated account name,,,,,DISQUALIFIED,AUTO_NEGATIVE_ALLOWED,auto arena body shop,EXACT,campaign,Same phrase is competitor in another account,LOCAL_COMPETITOR seed auto arena body shop,test 106-110,EXISTING_TEST_EXPECTATION,Test expectation is code-correctness not business gold. Cross-account competitor may still be valid.
EX-028,aaa auto repair,,,,,,DISQUALIFIED,AUTO_NEGATIVE_ALLOWED,aaa auto repair,EXACT,campaign,Owner 2026-08-24 listed as obvious junk that the script missed that morning.,various; later encoded in test suppliedTerms for many of these,Conversation 0715bce9 2026-08-24 missed-term list; test-negative-sweeper-contract.js suppliedTerms 57-81,EXPLICIT_USER_LABEL,Owner 2026-08-24: should have been added. Next day owner said body-work-like terms must NOT be added. auto arena body shop is KEEP on own account (EX-026). body works car near me is now in KEEP-body-work plan (UNRESOLVED vs this miss list). automobile body repairing & painting may be QUALIFIED body shop (UNRESOLVED).
EX-029,ames collision center,,,,,,DISQUALIFIED,AUTO_NEGATIVE_ALLOWED,ames collision center,EXACT,campaign,Owner 2026-08-24 listed as obvious junk that the script missed that morning.,various; later encoded in test suppliedTerms for many of these,Conversation 0715bce9 2026-08-24 missed-term list; test-negative-sweeper-contract.js suppliedTerms 57-81,EXPLICIT_USER_LABEL,Owner 2026-08-24: should have been added. Next day owner said body-work-like terms must NOT be added. auto arena body shop is KEEP on own account (EX-026). body works car near me is now in KEEP-body-work plan (UNRESOLVED vs this miss list). automobile body repairing & painting may be QUALIFIED body shop (UNRESOLVED).
EX-030,auto arena body shop,,,,,,UNRESOLVED,KEEP,,,,Owner 2026-08-24 listed as obvious junk that the script missed that morning.,various; later encoded in test suppliedTerms for many of these,Conversation 0715bce9 2026-08-24 missed-term list; test-negative-sweeper-contract.js suppliedTerms 57-81,UNRESOLVED,Same string as own-brand protect vs competitor. Account-dependent. Owner listed it as a miss (wanted add) AND tests require keep on own account.
EX-031,auto salvage yards with online inventory,,,,,,DISQUALIFIED,AUTO_NEGATIVE_ALLOWED,auto salvage yards with online inventory,EXACT,campaign,Owner 2026-08-24 listed as obvious junk that the script missed that morning.,various; later encoded in test suppliedTerms for many of these,Conversation 0715bce9 2026-08-24 missed-term list; test-negative-sweeper-contract.js suppliedTerms 57-81,EXPLICIT_USER_LABEL,Owner 2026-08-24: should have been added. Next day owner said body-work-like terms must NOT be added. auto arena body shop is KEEP on own account (EX-026). body works car near me is now in KEEP-body-work plan (UNRESOLVED vs this miss list). automobile body repairing & painting may be QUALIFIED body shop (UNRESOLVED).
EX-032,automobile body repairing & painting scarsdale ny,,,,,,UNRESOLVED,HUMAN_REVIEW,,,,Owner 2026-08-24 listed as obvious junk that the script missed that morning.,various; later encoded in test suppliedTerms for many of these,Conversation 0715bce9 2026-08-24 missed-term list; test-negative-sweeper-contract.js suppliedTerms 57-81,UNRESOLVED,Owner miss list wanted add; 2026-08-25 body-work keep policy and paint-and-body contradiction. Do not auto-apply.
EX-033,body works car near me,,,,,,UNRESOLVED,HUMAN_REVIEW,,,,Owner 2026-08-24 listed as obvious junk that the script missed that morning.,various; later encoded in test suppliedTerms for many of these,Conversation 0715bce9 2026-08-24 missed-term list; test-negative-sweeper-contract.js suppliedTerms 57-81,UNRESOLVED,Owner miss list wanted add; 2026-08-25 body-work keep policy and paint-and-body contradiction. Do not auto-apply.
EX-034,car buffing near me,,,,,,DISQUALIFIED,AUTO_NEGATIVE_ALLOWED,car buffing near me,EXACT,campaign,Owner 2026-08-24 listed as obvious junk that the script missed that morning.,various; later encoded in test suppliedTerms for many of these,Conversation 0715bce9 2026-08-24 missed-term list; test-negative-sweeper-contract.js suppliedTerms 57-81,EXPLICIT_USER_LABEL,Owner 2026-08-24: should have been added. Next day owner said body-work-like terms must NOT be added. auto arena body shop is KEEP on own account (EX-026). body works car near me is now in KEEP-body-work plan (UNRESOLVED vs this miss list). automobile body repairing & painting may be QUALIFIED body shop (UNRESOLVED).
EX-035,car clear coat repair,,,,,,DISQUALIFIED,AUTO_NEGATIVE_ALLOWED,car clear coat repair,EXACT,campaign,Owner 2026-08-24 listed as obvious junk that the script missed that morning.,various; later encoded in test suppliedTerms for many of these,Conversation 0715bce9 2026-08-24 missed-term list; test-negative-sweeper-contract.js suppliedTerms 57-81,EXPLICIT_USER_LABEL,Owner 2026-08-24: should have been added. Next day owner said body-work-like terms must NOT be added. auto arena body shop is KEEP on own account (EX-026). body works car near me is now in KEEP-body-work plan (UNRESOLVED vs this miss list). automobile body repairing & painting may be QUALIFIED body shop (UNRESOLVED).
EX-036,car coloring price,,,,,,DISQUALIFIED,AUTO_NEGATIVE_ALLOWED,car coloring price,EXACT,campaign,Owner 2026-08-24 listed as obvious junk that the script missed that morning.,various; later encoded in test suppliedTerms for many of these,Conversation 0715bce9 2026-08-24 missed-term list; test-negative-sweeper-contract.js suppliedTerms 57-81,EXPLICIT_USER_LABEL,Owner 2026-08-24: should have been added. Next day owner said body-work-like terms must NOT be added. auto arena body shop is KEEP on own account (EX-026). body works car near me is now in KEEP-body-work plan (UNRESOLVED vs this miss list). automobile body repairing & painting may be QUALIFIED body shop (UNRESOLVED).
EX-037,car in dallas,,,,,,DISQUALIFIED,AUTO_NEGATIVE_ALLOWED,car in dallas,EXACT,campaign,Owner 2026-08-24 listed as obvious junk that the script missed that morning.,various; later encoded in test suppliedTerms for many of these,Conversation 0715bce9 2026-08-24 missed-term list; test-negative-sweeper-contract.js suppliedTerms 57-81,EXPLICIT_USER_LABEL,Owner 2026-08-24: should have been added. Next day owner said body-work-like terms must NOT be added. auto arena body shop is KEEP on own account (EX-026). body works car near me is now in KEEP-body-work plan (UNRESOLVED vs this miss list). automobile body repairing & painting may be QUALIFIED body shop (UNRESOLVED).
EX-038,car painting dallas,,,,,,DISQUALIFIED,AUTO_NEGATIVE_ALLOWED,car painting dallas,EXACT,campaign,Owner 2026-08-24 listed as obvious junk that the script missed that morning.,various; later encoded in test suppliedTerms for many of these,Conversation 0715bce9 2026-08-24 missed-term list; test-negative-sweeper-contract.js suppliedTerms 57-81,EXPLICIT_USER_LABEL,Owner 2026-08-24: should have been added. Next day owner said body-work-like terms must NOT be added. auto arena body shop is KEEP on own account (EX-026). body works car near me is now in KEEP-body-work plan (UNRESOLVED vs this miss list). automobile body repairing & painting may be QUALIFIED body shop (UNRESOLVED).
EX-039,car rear bumper loose,,,,,,DISQUALIFIED,AUTO_NEGATIVE_ALLOWED,car rear bumper loose,EXACT,campaign,Owner 2026-08-24 listed as obvious junk that the script missed that morning.,various; later encoded in test suppliedTerms for many of these,Conversation 0715bce9 2026-08-24 missed-term list; test-negative-sweeper-contract.js suppliedTerms 57-81,EXPLICIT_USER_LABEL,Owner 2026-08-24: should have been added. Next day owner said body-work-like terms must NOT be added. auto arena body shop is KEEP on own account (EX-026). body works car near me is now in KEEP-body-work plan (UNRESOLVED vs this miss list). automobile body repairing & painting may be QUALIFIED body shop (UNRESOLVED).
EX-040,clickmechanic,,,,,,DISQUALIFIED,AUTO_NEGATIVE_ALLOWED,clickmechanic,EXACT,campaign,Owner 2026-08-24 listed as obvious junk that the script missed that morning.,various; later encoded in test suppliedTerms for many of these,Conversation 0715bce9 2026-08-24 missed-term list; test-negative-sweeper-contract.js suppliedTerms 57-81,EXPLICIT_USER_LABEL,Owner 2026-08-24: should have been added. Next day owner said body-work-like terms must NOT be added. auto arena body shop is KEEP on own account (EX-026). body works car near me is now in KEEP-body-work plan (UNRESOLVED vs this miss list). automobile body repairing & painting may be QUALIFIED body shop (UNRESOLVED).
EX-041,collision consultants,,,,,,DISQUALIFIED,AUTO_NEGATIVE_ALLOWED,collision consultants,EXACT,campaign,Owner 2026-08-24 listed as obvious junk that the script missed that morning.,various; later encoded in test suppliedTerms for many of these,Conversation 0715bce9 2026-08-24 missed-term list; test-negative-sweeper-contract.js suppliedTerms 57-81,EXPLICIT_USER_LABEL,Owner 2026-08-24: should have been added. Next day owner said body-work-like terms must NOT be added. auto arena body shop is KEEP on own account (EX-026). body works car near me is now in KEEP-body-work plan (UNRESOLVED vs this miss list). automobile body repairing & painting may be QUALIFIED body shop (UNRESOLVED).
EX-042,custom body shop near me,,,,,,DISQUALIFIED,AUTO_NEGATIVE_ALLOWED,custom body shop near me,EXACT,campaign,Owner 2026-08-24 listed as obvious junk that the script missed that morning.,various; later encoded in test suppliedTerms for many of these,Conversation 0715bce9 2026-08-24 missed-term list; test-negative-sweeper-contract.js suppliedTerms 57-81,EXPLICIT_USER_LABEL,Owner 2026-08-24: should have been added. Next day owner said body-work-like terms must NOT be added. auto arena body shop is KEEP on own account (EX-026). body works car near me is now in KEEP-body-work plan (UNRESOLVED vs this miss list). automobile body repairing & painting may be QUALIFIED body shop (UNRESOLVED).
EX-043,dashboard repair,,,,,,DISQUALIFIED,AUTO_NEGATIVE_ALLOWED,dashboard repair,EXACT,campaign,Owner 2026-08-24 listed as obvious junk that the script missed that morning.,various; later encoded in test suppliedTerms for many of these,Conversation 0715bce9 2026-08-24 missed-term list; test-negative-sweeper-contract.js suppliedTerms 57-81,EXPLICIT_USER_LABEL,Owner 2026-08-24: should have been added. Next day owner said body-work-like terms must NOT be added. auto arena body shop is KEEP on own account (EX-026). body works car near me is now in KEEP-body-work plan (UNRESOLVED vs this miss list). automobile body repairing & painting may be QUALIFIED body shop (UNRESOLVED).
EX-044,dent mavericks dallas,,,,,,DISQUALIFIED,AUTO_NEGATIVE_ALLOWED,dent mavericks dallas,EXACT,campaign,Owner 2026-08-24 listed as obvious junk that the script missed that morning.,various; later encoded in test suppliedTerms for many of these,Conversation 0715bce9 2026-08-24 missed-term list; test-negative-sweeper-contract.js suppliedTerms 57-81,EXPLICIT_USER_LABEL,Owner 2026-08-24: should have been added. Next day owner said body-work-like terms must NOT be added. auto arena body shop is KEEP on own account (EX-026). body works car near me is now in KEEP-body-work plan (UNRESOLVED vs this miss list). automobile body repairing & painting may be QUALIFIED body shop (UNRESOLVED).
EX-045,east coast auto salvage,,,,,,DISQUALIFIED,AUTO_NEGATIVE_ALLOWED,east coast auto salvage,EXACT,campaign,Owner 2026-08-24 listed as obvious junk that the script missed that morning.,various; later encoded in test suppliedTerms for many of these,Conversation 0715bce9 2026-08-24 missed-term list; test-negative-sweeper-contract.js suppliedTerms 57-81,EXPLICIT_USER_LABEL,Owner 2026-08-24: should have been added. Next day owner said body-work-like terms must NOT be added. auto arena body shop is KEEP on own account (EX-026). body works car near me is now in KEEP-body-work plan (UNRESOLVED vs this miss list). automobile body repairing & painting may be QUALIFIED body shop (UNRESOLVED).
EX-046,engine repair dallas,,,,,,DISQUALIFIED,AUTO_NEGATIVE_ALLOWED,engine repair dallas,EXACT,campaign,Owner 2026-08-24 listed as obvious junk that the script missed that morning.,various; later encoded in test suppliedTerms for many of these,Conversation 0715bce9 2026-08-24 missed-term list; test-negative-sweeper-contract.js suppliedTerms 57-81,EXPLICIT_USER_LABEL,Owner 2026-08-24: should have been added. Next day owner said body-work-like terms must NOT be added. auto arena body shop is KEEP on own account (EX-026). body works car near me is now in KEEP-body-work plan (UNRESOLVED vs this miss list). automobile body repairing & painting may be QUALIFIED body shop (UNRESOLVED).
EX-047,fast car automotive,,,,,,DISQUALIFIED,AUTO_NEGATIVE_ALLOWED,fast car automotive,EXACT,campaign,Owner 2026-08-24 listed as obvious junk that the script missed that morning.,various; later encoded in test suppliedTerms for many of these,Conversation 0715bce9 2026-08-24 missed-term list; test-negative-sweeper-contract.js suppliedTerms 57-81,EXPLICIT_USER_LABEL,Owner 2026-08-24: should have been added. Next day owner said body-work-like terms must NOT be added. auto arena body shop is KEEP on own account (EX-026). body works car near me is now in KEEP-body-work plan (UNRESOLVED vs this miss list). automobile body repairing & painting may be QUALIFIED body shop (UNRESOLVED).
EX-048,fix cars near me,,,,,,DISQUALIFIED,AUTO_NEGATIVE_ALLOWED,fix cars near me,EXACT,campaign,Owner 2026-08-24 listed as obvious junk that the script missed that morning.,various; later encoded in test suppliedTerms for many of these,Conversation 0715bce9 2026-08-24 missed-term list; test-negative-sweeper-contract.js suppliedTerms 57-81,EXPLICIT_USER_LABEL,Owner 2026-08-24: should have been added. Next day owner said body-work-like terms must NOT be added. auto arena body shop is KEEP on own account (EX-026). body works car near me is now in KEEP-body-work plan (UNRESOLVED vs this miss list). automobile body repairing & painting may be QUALIFIED body shop (UNRESOLVED).
EX-049,fix paint on car cost,,,,,,DISQUALIFIED,AUTO_NEGATIVE_ALLOWED,fix paint on car cost,EXACT,campaign,Owner 2026-08-24 listed as obvious junk that the script missed that morning.,various; later encoded in test suppliedTerms for many of these,Conversation 0715bce9 2026-08-24 missed-term list; test-negative-sweeper-contract.js suppliedTerms 57-81,EXPLICIT_USER_LABEL,Owner 2026-08-24: should have been added. Next day owner said body-work-like terms must NOT be added. auto arena body shop is KEEP on own account (EX-026). body works car near me is now in KEEP-body-work plan (UNRESOLVED vs this miss list). automobile body repairing & painting may be QUALIFIED body shop (UNRESOLVED).
EX-050,fix small dent in car,,,,,,DISQUALIFIED,AUTO_NEGATIVE_ALLOWED,fix small dent in car,EXACT,campaign,Owner 2026-08-24 listed as obvious junk that the script missed that morning.,various; later encoded in test suppliedTerms for many of these,Conversation 0715bce9 2026-08-24 missed-term list; test-negative-sweeper-contract.js suppliedTerms 57-81,EXPLICIT_USER_LABEL,Owner 2026-08-24: should have been added. Next day owner said body-work-like terms must NOT be added. auto arena body shop is KEEP on own account (EX-026). body works car near me is now in KEEP-body-work plan (UNRESOLVED vs this miss list). automobile body repairing & painting may be QUALIFIED body shop (UNRESOLVED).
EX-051,tints near me,,,,,,DISQUALIFIED,AUTO_NEGATIVE_ALLOWED,tints near me,EXACT,campaign,Contract matcher: containsPhrase_(tint) is true; suppliedTerms also expects shouldExclude for some.,stem matcher; TINT or BUMPER_MINOR or PAINT_MINOR or GENERIC_CAR_REPAIR,test-negative-sweeper-contract.js 153-167,EXISTING_TEST_EXPECTATION,Stem matching is code behavior. Conservative policy may still want HUMAN_REVIEW for bumper/paint tokens.
EX-052,bumpers loose,,,,,,DISQUALIFIED,AUTO_NEGATIVE_ALLOWED,bumpers loose,EXACT,campaign,Contract matcher: containsPhrase_(bumper) is true; suppliedTerms also expects shouldExclude for some.,stem matcher; TINT or BUMPER_MINOR or PAINT_MINOR or GENERIC_CAR_REPAIR,test-negative-sweeper-contract.js 153-167,EXISTING_TEST_EXPECTATION,Stem matching is code behavior. Conservative policy may still want HUMAN_REVIEW for bumper/paint tokens.
EX-053,repainting cost,,,,,,DISQUALIFIED,AUTO_NEGATIVE_ALLOWED,repainting cost,EXACT,campaign,Contract matcher: containsPhrase_(paint) is true; suppliedTerms also expects shouldExclude for some.,stem matcher; TINT or BUMPER_MINOR or PAINT_MINOR or GENERIC_CAR_REPAIR,test-negative-sweeper-contract.js 153-167,EXISTING_TEST_EXPECTATION,Stem matching is code behavior. Conservative policy may still want HUMAN_REVIEW for bumper/paint tokens.
EX-054,fix cars near me,,,,,,DISQUALIFIED,AUTO_NEGATIVE_ALLOWED,fix cars near me,EXACT,campaign,Contract matcher: containsPhrase_(fix car) is true; suppliedTerms also expects shouldExclude for some.,stem matcher; TINT or BUMPER_MINOR or PAINT_MINOR or GENERIC_CAR_REPAIR,test-negative-sweeper-contract.js 153-167,EXISTING_TEST_EXPECTATION,Stem matching is code behavior. Conservative policy may still want HUMAN_REVIEW for bumper/paint tokens.
EX-055,cheap auto body near me,,,,,,DISQUALIFIED,AUTO_NEGATIVE_ALLOWED,cheap auto body near me,EXACT,campaign,CHEAP even with auto body,CHEAP,docs/Open this in a browser - Standalone Negatives Sweeper explained.html,EXISTING_CODE_RESULT,Documentation of CURRENT CODE. Not confirmed as conservative policy.
EX-056,free estimate body shop,,,,,,DISQUALIFIED,AUTO_NEGATIVE_ALLOWED,free estimate body shop,EXACT,campaign,Owner previously locked block free estimate; this conversation did not re-lock,ESTIMATE_OR_QUOTE,docs/Open this in a browser - Standalone Negatives Sweeper explained.html,EXISTING_CODE_RESULT,Documentation of CURRENT CODE. Not confirmed as conservative policy.
EX-057,free quote collision repair,,,,,,DISQUALIFIED,AUTO_NEGATIVE_ALLOWED,free quote collision repair,EXACT,campaign,Collision does not spare ESTIMATE_OR_QUOTE,ESTIMATE_OR_QUOTE,docs/Open this in a browser - Standalone Negatives Sweeper explained.html,EXISTING_CODE_RESULT,Documentation of CURRENT CODE. Not confirmed as conservative policy.
EX-058,collision repair payment plan,,,,,,DISQUALIFIED,AUTO_NEGATIVE_ALLOWED,collision repair payment plan,EXACT,campaign,Documented as intended block,PAYMENT_OR_FINANCING,docs/Open this in a browser - Standalone Negatives Sweeper explained.html,EXISTING_CODE_RESULT,Documentation of CURRENT CODE. Not confirmed as conservative policy.
EX-059,oil change near me,,,,,,DISQUALIFIED,AUTO_NEGATIVE_ALLOWED,oil change near me,EXACT,campaign,HTML walkthrough junk example,MECHANICAL_REPAIR,docs/Open this in a browser - Standalone Negatives Sweeper explained.html,EXISTING_CODE_RESULT,Documentation of CURRENT CODE. Not confirmed as conservative policy.
EX-060,paintless dent repair,,,,,,DISQUALIFIED,AUTO_NEGATIVE_ALLOWED,paintless dent repair,EXACT,campaign,No collision exception,PAINTLESS_DENT,docs/Open this in a browser - Standalone Negatives Sweeper explained.html,EXISTING_CODE_RESULT,Documentation of CURRENT CODE. Not confirmed as conservative policy.
EX-061,dent repair near me,,,,,,UNCERTAIN,HUMAN_REVIEW,,,,HTML says block; this conversation forbids single-word dent auto-decide.,DENT_MINOR,HTML ~406 plus this conversation,UNRESOLVED,
EX-062,car repair near me,,,,,,DISQUALIFIED,AUTO_NEGATIVE_ALLOWED,car repair near me,EXACT,campaign,HTML walkthrough junk example,GENERIC_CAR_REPAIR,docs/Open this in a browser - Standalone Negatives Sweeper explained.html,EXISTING_CODE_RESULT,Documentation of CURRENT CODE. Not confirmed as conservative policy.
EX-063,honda accord collision insurance claim,,,,,,QUALIFIED,KEEP,,,,Docs keep example,,Standalone Negatives Sweeper explained.html,SYNTHESIZED_FROM_EXPLICIT_RULE,
EX-064,a1 body shop,,,,,,DISQUALIFIED,AUTO_NEGATIVE_ALLOWED,a1 body shop,EXACT,campaign,Aggressive short token a1,LOW_VALUE_COMPETITOR,docs/Open this in a browser - Standalone Negatives Sweeper explained.html,EXISTING_CODE_RESULT,Documentation of CURRENT CODE. Not confirmed as conservative policy.
EX-065,earl scheib,,,,,,DISQUALIFIED,AUTO_NEGATIVE_ALLOWED,earl scheib,EXACT,campaign,HTML walkthrough junk example,LOW_VALUE_COMPETITOR,docs/Open this in a browser - Standalone Negatives Sweeper explained.html,EXISTING_CODE_RESULT,Documentation of CURRENT CODE. Not confirmed as conservative policy.
EX-066,2009 honda accord,,,,,,DISQUALIFIED,AUTO_NEGATIVE_ALLOWED,2009 honda accord,EXACT,campaign,Aggressive year; docs warn FP on collision+year,YEAR_TOKEN,docs/Open this in a browser - Standalone Negatives Sweeper explained.html,EXISTING_CODE_RESULT,Documentation of CURRENT CODE. Not confirmed as conservative policy.
EX-067,taller de enderezado y pintura cerca de mi,,,,,,DISQUALIFIED,AUTO_NEGATIVE_ALLOWED,taller de enderezado y pintura cerca de mi,EXACT,campaign,Spanish collision vocabulary blocked,SPANISH_LANGUAGE,docs/Open this in a browser - Standalone Negatives Sweeper explained.html,EXISTING_CODE_RESULT,Documentation of CURRENT CODE. Not confirmed as conservative policy.
EX-068,same day dent repair,,,,,,DISQUALIFIED,AUTO_NEGATIVE_ALLOWED,same day dent repair,EXACT,campaign,HTML walkthrough junk example,SAME_DAY_OR_ONE_DAY;DENT_MINOR,docs/Open this in a browser - Standalone Negatives Sweeper explained.html,EXISTING_CODE_RESULT,Documentation of CURRENT CODE. Not confirmed as conservative policy.
EX-069,sprinter van body,,,,,,DISQUALIFIED,AUTO_NEGATIVE_ALLOWED,sprinter van body,EXACT,campaign,HTML walkthrough junk example,SPRINTER_VAN,docs/Open this in a browser - Standalone Negatives Sweeper explained.html,EXISTING_CODE_RESULT,Documentation of CURRENT CODE. Not confirmed as conservative policy.
EX-070,fix now pay later,,,,,,DISQUALIFIED,AUTO_NEGATIVE_ALLOWED,fix now pay later,EXACT,campaign,HTML walkthrough junk example,PAYMENT_OR_FINANCING,docs/Open this in a browser - Standalone Negatives Sweeper explained.html,EXISTING_CODE_RESULT,Documentation of CURRENT CODE. Not confirmed as conservative policy.
EX-071,pick n pull,,,,,,DISQUALIFIED,AUTO_NEGATIVE_ALLOWED,pick n pull,EXACT,campaign,HTML walkthrough junk example,SALVAGE_OR_JUNKYARD,docs/Open this in a browser - Standalone Negatives Sweeper explained.html,EXISTING_CODE_RESULT,Documentation of CURRENT CODE. Not confirmed as conservative policy.
EX-072,paint and body shop near me,,,,,,UNRESOLVED,HUMAN_REVIEW,,,,Docs tell operators to search this exact negative to verify adds; contradicts body-shop keep,PAINT_MINOR,standalone allowlist guide line 123 vs owner body-work keep 2026-08-25,UNRESOLVED,
EX-073,fix auto collision,,,,,,DISQUALIFIED,AUTO_NEGATIVE_ALLOWED,fix auto collision,EXACT,campaign,Competitor even with collision,LOW_VALUE_COMPETITOR,docs/Open this in a browser - Standalone Negatives Sweeper explained.html,EXISTING_CODE_RESULT,Documentation of CURRENT CODE. Not confirmed as conservative policy.
EX-074,steve's auto body,,,,,,DISQUALIFIED,AUTO_NEGATIVE_ALLOWED,steve's auto body,EXACT,campaign,Docs example of possessive named shop that CAN be negatived,NAMED_LOCAL_SHOP,HTML ~547,SYNTHESIZED_FROM_EXPLICIT_RULE,Illustrative; not live traffic.
EX-075,sure shot collision,,,,,,DISQUALIFIED,AUTO_NEGATIVE_ALLOWED,sure shot collision,EXACT,campaign,Docs example multi-word named shop,NAMED_LOCAL_SHOP,HTML ~547,SYNTHESIZED_FROM_EXPLICIT_RULE,Illustrative; not live traffic.
EX-076,yonkers auto body shop,,,,,,QUALIFIED,KEEP,,,,Docs geo keep,,Standalone Negatives Sweeper explained.html,SYNTHESIZED_FROM_EXPLICIT_RULE,
EX-077,places to get your car painted,Built by Shah campaigns (live 2026-08-24 email),,,ACCOUNT_01 SEARCH+PMAX,Owner said that morning all added negatives were correct; later reversed some body-work adds not in this email list.,DISQUALIFIED,AUTO_NEGATIVE_ALLOWED,places to get your car painted,EXACT,campaign,Actually mutated as exact campaign negative in standalone daily run STANDALONE_NEG_20260824.,PAINT_MINOR,Owner-pasted Search Negatives Sweep email 2026-08-24 in conversation 0715bce9,EXISTING_CODE_RESULT,Owner later: adds were correct that day. Conservative rebuild should still re-judge EX-081 EX-085 EX-093 EX-098.
EX-078,car service shops near me,Built by Shah campaigns (live 2026-08-24 email),,,ACCOUNT_01,Owner said that morning all added negatives were correct; later reversed some body-work adds not in this email list.,DISQUALIFIED,AUTO_NEGATIVE_ALLOWED,car service shops near me,EXACT,campaign,Actually mutated as exact campaign negative in standalone daily run STANDALONE_NEG_20260824.,GENERIC_CAR_REPAIR,Owner-pasted Search Negatives Sweep email 2026-08-24 in conversation 0715bce9,EXISTING_CODE_RESULT,Owner later: adds were correct that day. Conservative rebuild should still re-judge EX-081 EX-085 EX-093 EX-098.
EX-079,car ding repair near me,Built by Shah campaigns (live 2026-08-24 email),,,ACCOUNT_01,Owner said that morning all added negatives were correct; later reversed some body-work adds not in this email list.,DISQUALIFIED,AUTO_NEGATIVE_ALLOWED,car ding repair near me,EXACT,campaign,Actually mutated as exact campaign negative in standalone daily run STANDALONE_NEG_20260824.,DING_MINOR,Owner-pasted Search Negatives Sweep email 2026-08-24 in conversation 0715bce9,EXISTING_CODE_RESULT,Owner later: adds were correct that day. Conservative rebuild should still re-judge EX-081 EX-085 EX-093 EX-098.
EX-080,como reparar el cristal de mi auto,Built by Shah campaigns (live 2026-08-24 email),,,ACCOUNT_02 PMAX,Owner said that morning all added negatives were correct; later reversed some body-work adds not in this email list.,DISQUALIFIED,AUTO_NEGATIVE_ALLOWED,como reparar el cristal de mi auto,EXACT,campaign,Actually mutated as exact campaign negative in standalone daily run STANDALONE_NEG_20260824.,NAMED_LOCAL_SHOP|SPANISH_LANGUAGE,Owner-pasted Search Negatives Sweep email 2026-08-24 in conversation 0715bce9,EXISTING_CODE_RESULT,Owner later: adds were correct that day. Conservative rebuild should still re-judge EX-081 EX-085 EX-093 EX-098.
EX-081,wrecked car rebuild,Built by Shah campaigns (live 2026-08-24 email),,,ACCOUNT_02 PMAX; business intent UNRESOLVED,Owner said that morning all added negatives were correct; later reversed some body-work adds not in this email list.,DISQUALIFIED,AUTO_NEGATIVE_ALLOWED,wrecked car rebuild,EXACT,campaign,Actually mutated as exact campaign negative in standalone daily run STANDALONE_NEG_20260824.,REBUILD_OR_TRUCK_BODY,Owner-pasted Search Negatives Sweep email 2026-08-24 in conversation 0715bce9,EXISTING_CODE_RESULT,Owner later: adds were correct that day. Conservative rebuild should still re-judge EX-081 EX-085 EX-093 EX-098.
EX-082,best car repair shop near me,Built by Shah campaigns (live 2026-08-24 email),,,ACCOUNT_02,Owner said that morning all added negatives were correct; later reversed some body-work adds not in this email list.,DISQUALIFIED,AUTO_NEGATIVE_ALLOWED,best car repair shop near me,EXACT,campaign,Actually mutated as exact campaign negative in standalone daily run STANDALONE_NEG_20260824.,GENERIC_CAR_REPAIR,Owner-pasted Search Negatives Sweep email 2026-08-24 in conversation 0715bce9,EXISTING_CODE_RESULT,Owner later: adds were correct that day. Conservative rebuild should still re-judge EX-081 EX-085 EX-093 EX-098.
EX-083,auto repair mamaroneck ny,Built by Shah campaigns (live 2026-08-24 email),,,ACCOUNT_02,Owner said that morning all added negatives were correct; later reversed some body-work adds not in this email list.,DISQUALIFIED,AUTO_NEGATIVE_ALLOWED,auto repair mamaroneck ny,EXACT,campaign,Actually mutated as exact campaign negative in standalone daily run STANDALONE_NEG_20260824.,GENERIC_CAR_REPAIR,Owner-pasted Search Negatives Sweep email 2026-08-24 in conversation 0715bce9,EXISTING_CODE_RESULT,Owner later: adds were correct that day. Conservative rebuild should still re-judge EX-081 EX-085 EX-093 EX-098.
EX-084,car painter,Built by Shah campaigns (live 2026-08-24 email),,,ACCOUNT_02,Owner said that morning all added negatives were correct; later reversed some body-work adds not in this email list.,DISQUALIFIED,AUTO_NEGATIVE_ALLOWED,car painter,EXACT,campaign,Actually mutated as exact campaign negative in standalone daily run STANDALONE_NEG_20260824.,PAINT_MINOR,Owner-pasted Search Negatives Sweep email 2026-08-24 in conversation 0715bce9,EXISTING_CODE_RESULT,Owner later: adds were correct that day. Conservative rebuild should still re-judge EX-081 EX-085 EX-093 EX-098.
EX-085,central valley auto collision,Built by Shah campaigns (live 2026-08-24 email),,,ACCOUNT_02; may be competitor or geo UNRESOLVED,Owner said that morning all added negatives were correct; later reversed some body-work adds not in this email list.,DISQUALIFIED,AUTO_NEGATIVE_ALLOWED,central valley auto collision,EXACT,campaign,Actually mutated as exact campaign negative in standalone daily run STANDALONE_NEG_20260824.,NAMED_LOCAL_SHOP,Owner-pasted Search Negatives Sweep email 2026-08-24 in conversation 0715bce9,EXISTING_CODE_RESULT,Owner later: adds were correct that day. Conservative rebuild should still re-judge EX-081 EX-085 EX-093 EX-098.
EX-086,danny's auto repair,Built by Shah campaigns (live 2026-08-24 email),,,ACCOUNT_02 possessive repair,Owner said that morning all added negatives were correct; later reversed some body-work adds not in this email list.,DISQUALIFIED,AUTO_NEGATIVE_ALLOWED,danny's auto repair,EXACT,campaign,Actually mutated as exact campaign negative in standalone daily run STANDALONE_NEG_20260824.,GENERIC_CAR_REPAIR,Owner-pasted Search Negatives Sweep email 2026-08-24 in conversation 0715bce9,EXISTING_CODE_RESULT,Owner later: adds were correct that day. Conservative rebuild should still re-judge EX-081 EX-085 EX-093 EX-098.
EX-087,affordable car repair near me,Built by Shah campaigns (live 2026-08-24 email),,,ACCOUNT_03,Owner said that morning all added negatives were correct; later reversed some body-work adds not in this email list.,DISQUALIFIED,AUTO_NEGATIVE_ALLOWED,affordable car repair near me,EXACT,campaign,Actually mutated as exact campaign negative in standalone daily run STANDALONE_NEG_20260824.,CHEAP|GENERIC_CAR_REPAIR,Owner-pasted Search Negatives Sweep email 2026-08-24 in conversation 0715bce9,EXISTING_CODE_RESULT,Owner later: adds were correct that day. Conservative rebuild should still re-judge EX-081 EX-085 EX-093 EX-098.
EX-088,auto repair denton texas,Built by Shah campaigns (live 2026-08-24 email),,,ACCOUNT_03,Owner said that morning all added negatives were correct; later reversed some body-work adds not in this email list.,DISQUALIFIED,AUTO_NEGATIVE_ALLOWED,auto repair denton texas,EXACT,campaign,Actually mutated as exact campaign negative in standalone daily run STANDALONE_NEG_20260824.,GENERIC_CAR_REPAIR,Owner-pasted Search Negatives Sweep email 2026-08-24 in conversation 0715bce9,EXISTING_CODE_RESULT,Owner later: adds were correct that day. Conservative rebuild should still re-judge EX-081 EX-085 EX-093 EX-098.
EX-089,dallas auto care,Built by Shah campaigns (live 2026-08-24 email),,,ACCOUNT_03,Owner said that morning all added negatives were correct; later reversed some body-work adds not in this email list.,DISQUALIFIED,AUTO_NEGATIVE_ALLOWED,dallas auto care,EXACT,campaign,Actually mutated as exact campaign negative in standalone daily run STANDALONE_NEG_20260824.,GENERIC_CAR_REPAIR,Owner-pasted Search Negatives Sweep email 2026-08-24 in conversation 0715bce9,EXISTING_CODE_RESULT,Owner later: adds were correct that day. Conservative rebuild should still re-judge EX-081 EX-085 EX-093 EX-098.
EX-090,harvey's body shop dallas,Built by Shah campaigns (live 2026-08-24 email),,,ACCOUNT_03 possessive,Owner said that morning all added negatives were correct; later reversed some body-work adds not in this email list.,DISQUALIFIED,AUTO_NEGATIVE_ALLOWED,harvey's body shop dallas,EXACT,campaign,Actually mutated as exact campaign negative in standalone daily run STANDALONE_NEG_20260824.,NAMED_LOCAL_SHOP,Owner-pasted Search Negatives Sweep email 2026-08-24 in conversation 0715bce9,EXISTING_CODE_RESULT,Owner later: adds were correct that day. Conservative rebuild should still re-judge EX-081 EX-085 EX-093 EX-098.
EX-091,rebuilding cars,Built by Shah campaigns (live 2026-08-24 email),,,ACCOUNT_03,Owner said that morning all added negatives were correct; later reversed some body-work adds not in this email list.,DISQUALIFIED,AUTO_NEGATIVE_ALLOWED,rebuilding cars,EXACT,campaign,Actually mutated as exact campaign negative in standalone daily run STANDALONE_NEG_20260824.,REBUILD_OR_TRUCK_BODY,Owner-pasted Search Negatives Sweep email 2026-08-24 in conversation 0715bce9,EXISTING_CODE_RESULT,Owner later: adds were correct that day. Conservative rebuild should still re-judge EX-081 EX-085 EX-093 EX-098.
EX-092,repair shops,Built by Shah campaigns (live 2026-08-24 email),,,ACCOUNT_03,Owner said that morning all added negatives were correct; later reversed some body-work adds not in this email list.,DISQUALIFIED,AUTO_NEGATIVE_ALLOWED,repair shops,EXACT,campaign,Actually mutated as exact campaign negative in standalone daily run STANDALONE_NEG_20260824.,GENERIC_CAR_REPAIR,Owner-pasted Search Negatives Sweep email 2026-08-24 in conversation 0715bce9,EXISTING_CODE_RESULT,Owner later: adds were correct that day. Conservative rebuild should still re-judge EX-081 EX-085 EX-093 EX-098.
EX-093,scion xb hood latch broken,Built by Shah campaigns (live 2026-08-24 email),,,ACCOUNT_03; mixed collision UNRESOLVED,Owner said that morning all added negatives were correct; later reversed some body-work adds not in this email list.,DISQUALIFIED,AUTO_NEGATIVE_ALLOWED,scion xb hood latch broken,EXACT,campaign,Actually mutated as exact campaign negative in standalone daily run STANDALONE_NEG_20260824.,EXTERIOR_PANEL_MINOR,Owner-pasted Search Negatives Sweep email 2026-08-24 in conversation 0715bce9,EXISTING_CODE_RESULT,Owner later: adds were correct that day. Conservative rebuild should still re-judge EX-081 EX-085 EX-093 EX-098.
EX-094,scratch on tesla,Built by Shah campaigns (live 2026-08-24 email),,,ACCOUNT_03,Owner said that morning all added negatives were correct; later reversed some body-work adds not in this email list.,DISQUALIFIED,AUTO_NEGATIVE_ALLOWED,scratch on tesla,EXACT,campaign,Actually mutated as exact campaign negative in standalone daily run STANDALONE_NEG_20260824.,SCRATCH_OR_KEYED,Owner-pasted Search Negatives Sweep email 2026-08-24 in conversation 0715bce9,EXISTING_CODE_RESULT,Owner later: adds were correct that day. Conservative rebuild should still re-judge EX-081 EX-085 EX-093 EX-098.
EX-095,talleres de pintura automotriz cerca de mi,Built by Shah campaigns (live 2026-08-24 email),,,ACCOUNT_03,Owner said that morning all added negatives were correct; later reversed some body-work adds not in this email list.,DISQUALIFIED,AUTO_NEGATIVE_ALLOWED,talleres de pintura automotriz cerca de mi,EXACT,campaign,Actually mutated as exact campaign negative in standalone daily run STANDALONE_NEG_20260824.,SPANISH_LANGUAGE,Owner-pasted Search Negatives Sweep email 2026-08-24 in conversation 0715bce9,EXISTING_CODE_RESULT,Owner later: adds were correct that day. Conservative rebuild should still re-judge EX-081 EX-085 EX-093 EX-098.
EX-096,car repair center near me,Built by Shah campaigns (live 2026-08-24 email),,,ACCOUNT_03,Owner said that morning all added negatives were correct; later reversed some body-work adds not in this email list.,DISQUALIFIED,AUTO_NEGATIVE_ALLOWED,car repair center near me,EXACT,campaign,Actually mutated as exact campaign negative in standalone daily run STANDALONE_NEG_20260824.,GENERIC_CAR_REPAIR,Owner-pasted Search Negatives Sweep email 2026-08-24 in conversation 0715bce9,EXISTING_CODE_RESULT,Owner later: adds were correct that day. Conservative rebuild should still re-judge EX-081 EX-085 EX-093 EX-098.
EX-097,can a rear bumper be repaired,Built by Shah campaigns (live 2026-08-24 email),,,ACCOUNT_03,Owner said that morning all added negatives were correct; later reversed some body-work adds not in this email list.,DISQUALIFIED,AUTO_NEGATIVE_ALLOWED,can a rear bumper be repaired,EXACT,campaign,Actually mutated as exact campaign negative in standalone daily run STANDALONE_NEG_20260824.,BUMPER_MINOR,Owner-pasted Search Negatives Sweep email 2026-08-24 in conversation 0715bce9,EXISTING_CODE_RESULT,Owner later: adds were correct that day. Conservative rebuild should still re-judge EX-081 EX-085 EX-093 EX-098.
EX-098,cracked dashboard repair near me,Built by Shah campaigns (live 2026-08-24 email),,,ACCOUNT_03; crack stem likely false glass,Owner said that morning all added negatives were correct; later reversed some body-work adds not in this email list.,DISQUALIFIED,AUTO_NEGATIVE_ALLOWED,cracked dashboard repair near me,EXACT,campaign,Actually mutated as exact campaign negative in standalone daily run STANDALONE_NEG_20260824.,AUTO_GLASS,Owner-pasted Search Negatives Sweep email 2026-08-24 in conversation 0715bce9,EXISTING_CODE_RESULT,Owner later: adds were correct that day. Conservative rebuild should still re-judge EX-081 EX-085 EX-093 EX-098.
EX-099,fix small dent in car,Built by Shah campaigns (live 2026-08-24 email),,,ACCOUNT_03; also on miss list,Owner said that morning all added negatives were correct; later reversed some body-work adds not in this email list.,DISQUALIFIED,AUTO_NEGATIVE_ALLOWED,fix small dent in car,EXACT,campaign,Actually mutated as exact campaign negative in standalone daily run STANDALONE_NEG_20260824.,DENT_MINOR|SMALL_JOB,Owner-pasted Search Negatives Sweep email 2026-08-24 in conversation 0715bce9,EXISTING_CODE_RESULT,Owner later: adds were correct that day. Conservative rebuild should still re-judge EX-081 EX-085 EX-093 EX-098.
EX-100,keyed car repair,Built by Shah campaigns (live 2026-08-24 email),,,ACCOUNT_03,Owner said that morning all added negatives were correct; later reversed some body-work adds not in this email list.,DISQUALIFIED,AUTO_NEGATIVE_ALLOWED,keyed car repair,EXACT,campaign,Actually mutated as exact campaign negative in standalone daily run STANDALONE_NEG_20260824.,SCRATCH_OR_KEYED|GENERIC_CAR_REPAIR,Owner-pasted Search Negatives Sweep email 2026-08-24 in conversation 0715bce9,EXISTING_CODE_RESULT,Owner later: adds were correct that day. Conservative rebuild should still re-judge EX-081 EX-085 EX-093 EX-098.
EX-101,toyota repair shop,Built by Shah campaigns (live 2026-08-24 email),,,ACCOUNT_03,Owner said that morning all added negatives were correct; later reversed some body-work adds not in this email list.,DISQUALIFIED,AUTO_NEGATIVE_ALLOWED,toyota repair shop,EXACT,campaign,Actually mutated as exact campaign negative in standalone daily run STANDALONE_NEG_20260824.,GENERIC_CAR_REPAIR,Owner-pasted Search Negatives Sweep email 2026-08-24 in conversation 0715bce9,EXISTING_CODE_RESULT,Owner later: adds were correct that day. Conservative rebuild should still re-judge EX-081 EX-085 EX-093 EX-098.
EX-102,repair key scratch on car,Built by Shah campaigns (live 2026-08-24 email),,,ACCOUNT_03,Owner said that morning all added negatives were correct; later reversed some body-work adds not in this email list.,DISQUALIFIED,AUTO_NEGATIVE_ALLOWED,repair key scratch on car,EXACT,campaign,Actually mutated as exact campaign negative in standalone daily run STANDALONE_NEG_20260824.,SCRATCH_OR_KEYED,Owner-pasted Search Negatives Sweep email 2026-08-24 in conversation 0715bce9,EXISTING_CODE_RESULT,Owner later: adds were correct that day. Conservative rebuild should still re-judge EX-081 EX-085 EX-093 EX-098.
EX-103,paint jobs car,Built by Shah campaigns (live 2026-08-24 email),,,ACCOUNT_04,Owner said that morning all added negatives were correct; later reversed some body-work adds not in this email list.,DISQUALIFIED,AUTO_NEGATIVE_ALLOWED,paint jobs car,EXACT,campaign,Actually mutated as exact campaign negative in standalone daily run STANDALONE_NEG_20260824.,PAINT_MINOR,Owner-pasted Search Negatives Sweep email 2026-08-24 in conversation 0715bce9,EXISTING_CODE_RESULT,Owner later: adds were correct that day. Conservative rebuild should still re-judge EX-081 EX-085 EX-093 EX-098.
EX-104,tony car repair shop,Built by Shah campaigns (live 2026-08-24 email),,,ACCOUNT_04,Owner said that morning all added negatives were correct; later reversed some body-work adds not in this email list.,DISQUALIFIED,AUTO_NEGATIVE_ALLOWED,tony car repair shop,EXACT,campaign,Actually mutated as exact campaign negative in standalone daily run STANDALONE_NEG_20260824.,GENERIC_CAR_REPAIR,Owner-pasted Search Negatives Sweep email 2026-08-24 in conversation 0715bce9,EXISTING_CODE_RESULT,Owner later: adds were correct that day. Conservative rebuild should still re-judge EX-081 EX-085 EX-093 EX-098.
EX-105,galveston auto repair shops,Built by Shah campaigns (live 2026-08-24 email),,,ACCOUNT_04,Owner said that morning all added negatives were correct; later reversed some body-work adds not in this email list.,DISQUALIFIED,AUTO_NEGATIVE_ALLOWED,galveston auto repair shops,EXACT,campaign,Actually mutated as exact campaign negative in standalone daily run STANDALONE_NEG_20260824.,GENERIC_CAR_REPAIR,Owner-pasted Search Negatives Sweep email 2026-08-24 in conversation 0715bce9,EXISTING_CODE_RESULT,Owner later: adds were correct that day. Conservative rebuild should still re-judge EX-081 EX-085 EX-093 EX-098.
EX-106,car fixing place,Built by Shah campaigns (live 2026-08-24 email),,,ACCOUNT_04,Owner said that morning all added negatives were correct; later reversed some body-work adds not in this email list.,DISQUALIFIED,AUTO_NEGATIVE_ALLOWED,car fixing place,EXACT,campaign,Actually mutated as exact campaign negative in standalone daily run STANDALONE_NEG_20260824.,GENERIC_CAR_REPAIR,Owner-pasted Search Negatives Sweep email 2026-08-24 in conversation 0715bce9,EXISTING_CODE_RESULT,Owner later: adds were correct that day. Conservative rebuild should still re-judge EX-081 EX-085 EX-093 EX-098.
EX-107,2022 camry rear end collision,,,,,,QUALIFIED,KEEP,,,,Docs warn YEAR_TOKEN will exclude this valuable collision query. Conservative keep. Code AUTO_NEGATIVE.,YEAR_TOKEN,Hub sweeper guide Aggressive tokens line 111,UNRESOLVED,Owner previously accepted year tokens knowing this FP.
EX-108,tow truck after accident,,,,,,UNCERTAIN,HUMAN_REVIEW,,,,TOWING has no accident exception. Category UNDEFINED.,TOWING,daily 629-632,UNRESOLVED,
EX-109,choque cerca de mi,,,,,,UNCERTAIN,HUMAN_REVIEW,,,,Spanish collision word is a SPANISH_LANGUAGE trigger. Desired customer may search in Spanish.,SPANISH_LANGUAGE,daily 581-590,UNRESOLVED,
EX-110,car accident attorney near me,,,,,,UNCERTAIN,HUMAN_REVIEW,,,,Legal/attorney category UNDEFINED. No rule found.,,category scan; no attorney trigger in NEGATIVE_RULES,UNRESOLVED,
EX-111,what is collision repair,,,,,,UNCERTAIN,HUMAN_REVIEW,,,,Informational vs transactional UNDEFINED.,,category UNDEFINED,UNRESOLVED,
EX-112,bmw certified collision center,,,,,,QUALIFIED,KEEP,,,,OEM collision keep helper intended for generic certified collision without extra store name.,isOemCollisionKeepIntent_,daily 2183-2219 and header comment 77-78,SYNTHESIZED_FROM_EXPLICIT_RULE,
EX-113,custom body shop near me,,,,,,DISQUALIFIED,AUTO_NEGATIVE_ALLOWED,custom body shop near me,EXACT,campaign,suppliedTerms and Keep body work plan: custom stays junk.,CUSTOM_BODY_OR_PAINT,test suppliedTerms; plan Keep body work INFERRED custom exception,EXISTING_TEST_EXPECTATION,Owner did not explicitly re-confirm custom in A/C answers.
EX-114,range rover mechanic near me,,,,,,UNRESOLVED,HUMAN_REVIEW,,,,User pasted as examples 2026-08-21 without a keep/block label in that message.,MECHANICAL_REPAIR,Conversation 97da38e7 2026-08-21 user_query list,UNRESOLVED,
EX-115,door ding repair cost with paint,,,,,,UNRESOLVED,HUMAN_REVIEW,,,,User pasted as examples 2026-08-21 without a keep/block label in that message.,DING_MINOR;PAINT_MINOR,Conversation 97da38e7 2026-08-21 user_query list,UNRESOLVED,
EX-116,carbon fiber splitter repair,,,,,,UNRESOLVED,HUMAN_REVIEW,,,,User pasted as examples 2026-08-21 without a keep/block label in that message.,AFTERMARKET_AERO,Conversation 97da38e7 2026-08-21 user_query list,UNRESOLVED,
EX-117,como quitar golpes de granizo,,,,,,UNRESOLVED,HUMAN_REVIEW,,,,User pasted as examples 2026-08-21 without a keep/block label in that message.,SPANISH_LANGUAGE,Conversation 97da38e7 2026-08-21 user_query list,UNRESOLVED,
EX-118,stu's auto body shop,,,,,,UNRESOLVED,HUMAN_REVIEW,,,,User pasted as examples 2026-08-21 without a keep/block label in that message.,NAMED_LOCAL_SHOP,Conversation 97da38e7 2026-08-21 user_query list,UNRESOLVED,
EX-119,collision clinic,,,,,,UNRESOLVED,HUMAN_REVIEW,,,,User pasted as examples 2026-08-21 without a keep/block label in that message.,NAMED_LOCAL_SHOP,Conversation 97da38e7 2026-08-21 user_query list,UNRESOLVED,
EX-120,auto paint and body shop near me,,,,,,UNRESOLVED,HUMAN_REVIEW,,,,User pasted as examples 2026-08-21 without a keep/block label in that message.,PAINT_MINOR,Conversation 97da38e7 2026-08-21 user_query list,UNRESOLVED,
EX-121,collision appraisal,,,,,,UNRESOLVED,HUMAN_REVIEW,,,,User pasted as examples 2026-08-21 without a keep/block label in that message.,APPRAISAL_OR_ADJUSTER,Conversation 97da38e7 2026-08-21 user_query list,UNRESOLVED,
EX-122,body shop,,,,,,QUALIFIED,KEEP,,,,isGenericBodyIntent_ exact map after stripping near me / open now. Prevents NAMED_LOCAL_SHOP only; other rules can still exclude.,isGenericBodyIntent_,daily 2137-2180,EXISTING_CODE_RESULT,body work is NOT in this map.
EX-123,auto body shop,,,,,,QUALIFIED,KEEP,,,,isGenericBodyIntent_ exact map after stripping near me / open now. Prevents NAMED_LOCAL_SHOP only; other rules can still exclude.,isGenericBodyIntent_,daily 2137-2180,EXISTING_CODE_RESULT,body work is NOT in this map.
EX-124,collision repair,,,,,,QUALIFIED,KEEP,,,,isGenericBodyIntent_ exact map after stripping near me / open now. Prevents NAMED_LOCAL_SHOP only; other rules can still exclude.,isGenericBodyIntent_,daily 2137-2180,EXISTING_CODE_RESULT,body work is NOT in this map.
